<?xml version="1.0" encoding="UTF-8"?>
<beans:beans
	xmlns="http://www.springframework.org/schema/mvc"
	xmlns:xsi="http://www.w3.org/2001/XMLSchema-instance"
	xmlns:beans="http://www.springframework.org/schema/beans"
	xmlns:context="http://www.springframework.org/schema/context"
	xmlns:tx="http://www.springframework.org/schema/tx"
	xmlns:p="http://www.springframework.org/schema/p"
	xmlns:mvc="http://www.springframework.org/schema/mvc"
	xsi:schemaLocation="http://www.springframework.org/schema/mvc http://www.springframework.org/schema/mvc/spring-mvc.xsd
              http://www.springframework.org/schema/beans http://www.springframework.org/schema/beans/spring-beans.xsd
              http://www.springframework.org/schema/context http://www.springframework.org/schema/context/spring-context.xsd
              http://www.springframework.org/schema/tx http://www.springframework.org/schema/tx/spring-tx-4.0.xsd
              http://www.springframework.org/schema/mvc http://www.springframework.org/schema/mvc/spring-mvc-3.0.xsd">

	<context:component-scan
		base-package="com.social.imageApp" />
	<mvc:annotation-driven />
	<mvc:resources location="/Images/" mapping="/Images/**" />
	<beans:bean id="propertyConfigurer"
		class="org.springframework.beans.factory.config.PropertyPlaceholderConfigurer"
		p:location="/WEB-INF/jdbc.properties" />
	<beans:bean id="dataSource"
		class="org.apache.commons.dbcp.BasicDataSource" destroy-method="close">
		<beans:property name="driverClassName"
			value="${jdbc.driverClassName}" />
		<beans:property name="url" value="${jdbc.databaseurl}" />
		<beans:property name="username"
			value="${jdbc.username}" />
		<beans:property name="password"
			value="${jdbc.password}" />
	</beans:bean>
	<beans:bean id="messageSource"
		class="org.springframework.context.support.ReloadableResourceBundleMessageSource">
		<beans:property name="basename"
			value="WEB-INF/messages" />
	</beans:bean>
	<resources mapping="/resources/**" location="/resources/" />

	<beans:bean
		class="org.springframework.web.servlet.view.InternalResourceViewResolver">
		<beans:property name="prefix" value="/WEB-INF/views/" />
		<beans:property name="suffix" value=".jsp" />
	</beans:bean>

	<beans:bean id="hibernate4AnnotatedSessionFactory"
		class="org.springframework.orm.hibernate4.LocalSessionFactoryBean">
		<beans:property name="dataSource" ref="dataSource" />
		<beans:property name="annotatedClasses">
			<beans:list>
				<beans:value>com.social.imageApp.model.User</beans:value>
				<beans:value>com.social.imageApp.model.Media</beans:value>
				<beans:value>com.social.imageApp.model.Followers</beans:value>
				<beans:value>com.social.imageApp.model.Comment</beans:value>
				<beans:value>com.social.imageApp.model.Like</beans:value>
				<beans:value>com.social.imageApp.model.Activity</beans:value>
			</beans:list>
		</beans:property>
		<beans:property name="hibernateProperties">
			<beans:props>
				<beans:prop key="hibernate.dialect">org.hibernate.dialect.MySQLDialect
				</beans:prop>
				<beans:prop key="hibernate.show_sql">true</beans:prop>
			</beans:props>
		</beans:property>
	</beans:bean>
	<beans:bean id="accountService"
		class="com.social.imageApp.account.service.AccountServiceImpl">
		<beans:property name="accountDao" ref="accountDao"></beans:property>
	</beans:bean>
	<beans:bean id="accountDao"
		class="com.social.imageApp.account.dao.AccountDaoImpl">
		<beans:property name="sessionFactory"
			ref="hibernate4AnnotatedSessionFactory" />
	</beans:bean>

	<beans:bean id="followService"
		class="com.social.imageApp.follow.service.FollowServiceImpl">
		<beans:property name="followDao" ref="followDao"></beans:property>
	</beans:bean>
	<beans:bean id="followDao"
		class="com.social.imageApp.follow.dao.FollowDaoImpl">
		<beans:property name="sessionFactory"
			ref="hibernate4AnnotatedSessionFactory" />
	</beans:bean>
	
	<beans:bean id="uploadService"
		class="com.social.imageApp.upload.service.UploadServiceImpl">
		<beans:property name="uploadDao" ref="uploadDao"></beans:property>
	</beans:bean>
	<beans:bean id="uploadDao"
		class="com.social.imageApp.upload.dao.UploadDaoImpl">
		<beans:property name="sessionFactory"
			ref="hibernate4AnnotatedSessionFactory" />
	</beans:bean>

	<beans:bean id="myMediaService"
		class="com.social.imageApp.mymedia.service.MyMediaServiceImpl">
		<beans:property name="myMediaDao" ref="myMediaDao"></beans:property>
	</beans:bean>
	<beans:bean id="myMediaDao"
		class="com.social.imageApp.mymedia.dao.MyMediaDaoImpl">
		<beans:property name="sessionFactory"
			ref="hibernate4AnnotatedSessionFactory" />
	</beans:bean>

	<tx:annotation-driven
		transaction-manager="transactionManager" />
	<beans:bean id="transactionManager"
		class="org.springframework.orm.hibernate4.HibernateTransactionManager">
		<beans:property name="sessionFactory"
			ref="hibernate4AnnotatedSessionFactory" />
	</beans:bean>
</beans:beans>